{"license":"","file_hash":null,"name":"DynamoCZ","version":"0.0.12","description":"[ BETA VERSION / BETA VERZE ]\r\nOFFICIAL WILL BE PUBLISHED AT THE END OF JULY 2020\r\nOFICIÁLNÍ SPUŠTĚNÍ NA KONCI ČERVENCE 2020\r\n\r\n[ DESCRIPTION / POPIS ]\r\nSada Dynamo nodů a skriptů pro potřeby českého projektanta.\r\n\r\n[ MORE INFO AT / DALŠÍ INFORMACE NA ]\r\nen.vaseksmolik.cz/dynamo-cz\r\ncz.vaseksmolik.cz/dynamo-cz","group":"","keywords":["dynamocz","czech"],"dependencies":[],"contents":"","engine_version":"2.3.0.7661","engine":"dynamo","engine_metadata":"","site_url":"https://www.vaseksmolik.cz/dynamo-cz","repository_url":"","contains_binaries":true,"node_libraries":["DynamoCZ, Version=0.0.0.29993, Culture=neutral, PublicKeyToken=null"]}